Categories,New Cat
Childrens Clothing,Services
Childrens Museums,Entertainment
Mens Clothing,Services
Mens Hair Salons,Beauty
Womens Clothing,Services
& Probates,Services
Acai Bowls,Services
Accessories,Services
Accountants,Services
Acne Treatment,Health
Active Life,Services
Acupuncture,Health
Addiction Medicine,Health
Adoption Services,Services
Adult,Undesirable
Adult Education,Services
Adult Entertainment,Undesirable
Advertising,Services
Aerial Fitness,Sports
Aerial Tours,Undesirable
Afghan,Restaurant
African,Restaurant
Air Duct Cleaning,Undesirable
Aircraft Dealers,Undesirable
Airlines,Undesirable
Airport Lounges,Undesirable
Airport Shuttles,Undesirable
Airport Terminals,Undesirable
Airports,Undesirable
Airsoft,Undesirable
Allergists,Health
Amateur Sports Teams,Sports
American (New),Restaurant
American (Traditional),Restaurant
Amusement Parks,Undesirable
Anesthesiologists,Health
Animal Shelters,Undesirable
Antiques,Services
Apartments,Services
Appliances,Services
Appliances & Repair,Undesirable
Appraisal Services,Undesirable
Aquarium Services,Services
Aquariums,Entertainment
Arabian,Restaurant
Arcades,Services
Archery,Undesirable
Architects,Services
Architectural Tours,Entertainment
Argentine,Restaurant
Armenian,Restaurant
Art Classes,Services
Art Galleries,Entertainment
Art Museums,Entertainment
Art Restoration,Services
Art Schools,Services
Art Supplies,Services
Artificial Turf,Services
Arts & Crafts,Services
Arts & Entertainment,Entertainment
Asian Fusion,Restaurant
Assisted Living Facilities,Health
ATV Rentals/Tours,Services
Auction Houses,Services
Audiologist,Health
Australian,Restaurant
Austrian,Restaurant
Auto Customization,Undesirable
Auto Detailing,Undesirable
Auto Glass Services,Undesirable
Auto Insurance,Services
Auto Loan Providers,Services
Auto Parts & Supplies,Undesirable
Auto Repair,Undesirable
Auto Security,Undesirable
Auto Upholstery,Undesirable
Automotive,Undesirable
Awnings,Services
Ayurveda,Health
Baby Gear & Furniture,Services
Backflow Services,Services
Bagels,Restaurant
Bail Bondsmen,Undesirable
Bakeries,Restaurant
Bangladeshi,Restaurant
Bankruptcy Law,Services
Banks & Credit Unions,Services
Barbeque,Restaurant
Barbers,Beauty
Barre Classes,Sports
Bars,Bar
Bartenders,Bar
Bartending Schools,Bar
Baseball Fields,Sports
Basketball Courts,Sports
Basque,Restaurant
Battery Stores,Services
Batting Cages,Sports
Beach Equipment Rentals,Services
Beaches,Sports
Beauty & Spas,Beauty
Bed & Breakfast,Services
Beer,Bar
Beer Bar,Bar
Beer Gardens,Bar
Beer Tours,Bar
Belgian,Restaurant
Bespoke Clothing,Services
Beverage Store,Restaurant
Bicycles,Sports
Bike Rentals,Sports
Bike Repair/Maintenance,Services
Bike Shop,Services
Bikes,Sports
Bingo Halls,Entertainment
Bird Shops,Services
Bistros,Restaurant
Blood & Plasma Donation Centers,Health
Blow Dry/Out Services,Beauty
Boat Charters,Services
Boat Dealers,Services
Boat Repair,Undesirable
Boat Tours,Services
Boating,Services
Body Shops,Undesirable
Bookbinding,Services
Bookkeepers,Services
Books,Services
Bookstores,Services
Boot Camps,Health
Botanical Gardens,Entertainment
Bowling,Entertainment
Boxing,Sports
Brasseries,Restaurant
Brazilian,Restaurant
Breakfast & Brunch,Restaurant
Breweries,Bar
Brewing Supplies,Services
Bridal,Services
British,Restaurant
Bubble Tea,Restaurant
Buddhist Temples,Services
Buffets,Restaurant
Building Supplies,Undesirable
Burgers,Restaurant
Burmese,Restaurant
Bus Tours,Services
Buses,Services
Business Consulting,Services
Business Law,Services
Butcher,Services
Cabaret,Bar
Cabinetry,Services
Cafes,Restaurant
Cafeteria,Restaurant
Cajun/Creole,Restaurant
Cambodian,Restaurant
Campgrounds,Sports
Candy Stores,Restaurant
Cannabis Clinics,Undesirable
Cannabis Dispensaries,Undesirable
Cannabis Tours,Undesirable
Cantonese,Restaurant
Car Auctions,Services
Car Brokers,Services
Car Buyers,Undesirable
Car Dealers,Services
Car Inspectors,Undesirable
Car Rental,Services
Car Share Services,Undesirable
Car Stereo Installation,Undesirable
Car Wash,Undesirable
Car Window Tinting,Undesirable
Cardio Classes,Sports
Cardiologists,Health
Cards & Stationery,Services
Career Counseling,Services
Caribbean,Restaurant
Caricatures,Services
Carpenters,Services
Carpet Cleaning,Undesirable
Carpet Installation,Services
Carpeting,Services
Casinos,Bar
Caterers,Services
Challenge Courses,Sports
Champagne Bars,Bar
Check Cashing/Pay-day Loans,Services
Cheese Shops,Restaurant
Cheesesteaks,Restaurant
Chicken Shop,Services
Chicken Wings,Restaurant
Child Care & Day Care,Services
Childbirth Education,Services
Childproofing,Services
Chimney Sweeps,Services
Chinese,Restaurant
Chiropractors,Services
Chocolatiers & Shops,Restaurant
Christmas Trees,Services
Churches,Services
Cideries,Restaurant
Cinema,Entertainment
Civic Center,Services
Climbing,Sports
Clock Repair,Services
Clothing Rental,Services
Clowns,Services
Cocktail Bars,Bar
Coffee & Tea,Restaurant
Coffee & Tea Supplies,Restaurant
Coffee Roasteries,Restaurant
Coffeeshops,Restaurant
College Counseling,Services
Colleges & Universities,Services
Colombian,Restaurant
Colonics,Services
Comedy Clubs,Bar
Comfort Food,Restaurant
Comic Books,Services
Commercial Real Estate,Services
Commercial Truck Dealers,Undesirable
Commercial Truck Repair,Undesirable
Commissioned Artists,Services
Community Centers,Entertainment
Community Gardens,Entertainment
Community Service/Non-Profit,Services
Computers,Services
Concept Shops,Services
Concierge Medicine,Health
Condominiums,Services
Contract Law,Services
Contractors,Services
Convenience Stores,Services
Cooking Classes,Services
Cooking Schools,Services
Cosmetic Dentists,Health
Cosmetic Surgeons,Health
Cosmetics & Beauty Supply,Beauty
Cosmetology Schools,Services
Costumes,Services
Counseling & Mental Health,Health
Countertop Installation,Services
Country Clubs,Entertainment
Country Dance Halls,Entertainment
Couriers & Delivery Services,Services
Courthouses,Services
CPR Classes,Health
Cremation Services,Undesirable
Creperies,Restaurant
Criminal Defense Law,Undesirable
Cryotherapy,Health
CSA,Restaurant
Cuban,Restaurant
Cultural Center,Entertainment
Cupcakes,Restaurant
Currency Exchange,Services
Custom Cakes,Restaurant
Customized Merchandise,Services
Cycling Classes,Sports
Czech,Restaurant
Damage Restoration,Services
Dance Clubs,Bar
Dance Schools,Sports
Dance Studios,Entertainment
Dance Wear,Services
Data Recovery,Services
Day Camps,Entertainment
Day Spas,Beauty
Debt Relief Services,Services
Decks & Railing,Undesirable
Delicatessen,Restaurant
Delis,Restaurant
Demolition Services,Services
Dental Hygienists,Health
Dentists,Health
Department Stores,Services
Departments of Motor Vehicles,Undesirable
Dermatologists,Health
Desserts,Restaurant
Diagnostic Imaging,Health
Diagnostic Services,Health
Dialysis Clinics,Health
Dietitians,Health
Digitizing Services,Services
Dim Sum,Restaurant
Diners,Restaurant
Disc Golf,Sports
Discount Store,Services
Distilleries,Bar
Dive Bars,Bar
Dive Shops,Services
Diving,Services
Divorce & Family Law,Services
DIY Auto Shop,Undesirable
DJs,Bar
Doctors,Health
Dog Parks,Entertainment
Dog Walkers,Services
Do-It-Yourself Food,Restaurant
Dominican,Restaurant
Donuts,Restaurant
Door Sales/Installation,Undesirable
Doulas,Services
Drive-In Theater,Entertainment
Driving Schools,Undesirable
Drugstores,Health
Dry Cleaning,Undesirable
Dry Cleaning & Laundry,Undesirable
Drywall Installation & Repair,Undesirable
DUI Law,Services
Dumpster Rental,Undesirable
Duplication Services,Services
Duty-Free Shops,Services
Ear Nose & Throat,Health
Editorial Services,Services
Education,Services
Educational Services,Services
Egyptian,Restaurant
Electricians,Undesirable
Electronics,Services
Electronics Repair,Services
Elementary Schools,Services
Embassy,Services
Embroidery & Crochet,Services
Emergency Medicine,Health
Emergency Pet Hospital,Health
Emergency Rooms,Health
Empanadas,Restaurant
Employment Agencies,Services
Employment Law,Services
Endocrinologists,Health
Endodontists,Health
Engraving,Services
Environmental Abatement,Services
Environmental Testing,Services
Escape Games,Entertainment
Estate Liquidation,Services
Estate Planning Law,Services
Ethic Grocery,Services
Ethiopian,Restaurant
Ethnic Food,Restaurant
Ethnic Grocery,Services
Event Photography,Services
Event Planning & Services,Services
Eyebrow Services,Beauty
Eyelash Service,Beauty
Eyewear & Opticians,Health
Fabric Stores,Services
Face Painting,Services
Falafel,Restaurant
Family Practice,Services
Farm Equipment Repair,Undesirable
Farmers Market,Services
Farming Equipment,Services
Farms,Undesirable
Fashion,Services
Fast Food,Restaurant
Fences & Gates,Services
Feng Shui,Services
Fertility,Health
Festivals,Entertainment
Filipino,Restaurant
Financial Advising,Services
Financial Services,Services
Fingerprinting,Services
Fire Departments,Services
Fire Protection Services,Services
Firearm Training,Undesirable
Fireplace Services,Services
Firewood,Services
Fireworks,Services
First Aid Classes,Services
Fish & Chips,Restaurant
Fishing,Sports
Fitness & Instruction,Beauty
Fitness/Exercise Equipment,Sports
Flea Markets,Undesirable
Flight Instruction,Undesirable
Float Spa,Beauty
Flooring,Services
Florists,Services
Flowers,Services
Flowers & Gifts,Services
Fondue,Restaurant
Food,Restaurant
Food Banks,Undesirable
Food Court,Restaurant
Food Delivery Services,Restaurant
Food Stands,Restaurant
Food Tours,Restaurant
Food Trucks,Restaurant
Formal Wear,Services
Framing,Services
Free Diving,Services
French,Restaurant
Fruits & Veggies,Restaurant
Funeral Services & Cemeteries,Undesirable
Fur Clothing,Services
Furniture Assembly,Services
Furniture Rental,Services
Furniture Repair,Services
Furniture Reupholstery,Undesirable
Furniture Stores,Services
Game Truck Rental,Services
Garage Door Services,Services
Gardeners,Services
Gas & Service Stations,Undesirable
Gastroenterologist,Health
Gastropubs,Bar
Gay Bars,Bar
Gelato,Restaurant
General Dentistry,Health
General Litigation,Services
Generator Installation/Repair,Services
German,Restaurant
Gift Shops,Services
Glass & Mirrors,Services
Gluten-Free,Restaurant
Go Karts,Undesirable
Gold Buyers,Undesirable
Golf,Entertainment
Golf Cart Rentals,Services
Golf Equipment,Services
Golf Equipment Shops,Services
Golf Lessons,Services
Graphic Design,Services
Greek,Restaurant
Grilling Equipment,Services
Grocery,Services
Guest Houses,Services
Guitar Stores,Services
Gun/Rifle Ranges,Undesirable
Guns & Ammo,Undesirable
Gutter Services,Undesirable
Gymnastics,Sports
Gyms,Beauty
Hair Extensions,Beauty
Hair Loss Centers,Health
Hair Removal,Beauty
Hair Salons,Beauty
Hair Stylists,Beauty
Haitian,Restaurant
Halal,Restaurant
Halotherapy,Health
Handyman,Services
Hang Gliding,Undesirable
Hardware Stores,Undesirable
Hats,Services
Haunted Houses,Undesirable
Hawaiian,Restaurant
Head Shops,Services
Health & Medical,Health
Health Insurance Offices,Services
Health Markets,Health
Health Retreats,Health
Hearing Aid Providers,Health
Hearing Aids,Health
Heating & Air Conditioning/HVAC,Services
Henna Artists,Services
Hepatologists,Health
Herbs & Spices,Services
High Fidelity Audio Equipment,Services
Hiking,Services
Himalayan/Nepalese,Restaurant
Hindu Temples,Services
Historical Tours,Entertainment
Hobby Shops,Services
Holiday Decorations,Services
Holistic Animal Care,Services
Home & Garden,Services
Home & Rental Insurance,Services
Home Automation,Services
Home Cleaning,Services
Home Decor,Services
Home Energy Auditors,Services
Home Health Care,Services
Home Inspectors,Services
Home Network Installation,Services
Home Organization,Services
Home Services,Services
Home Staging,Services
Home Theatre Installation,Services
Home Window Tinting,Undesirable
Homeless Shelters,Undesirable
Homeowner Association,Services
Hookah Bars,Bar
Horse Boarding,Undesirable
Horse Equipment Shops,Services
Horse Racing,Undesirable
Horseback Riding,Undesirable
Hospice,Undesirable
Hospitals,Health
Hostels,Services
Hot Air Balloons,Entertainment
Hot Dogs,Restaurant
Hot Pot,Restaurant
Hot Tub & Pool,Services
Hotel bar,Bar
Hotels,Services
Hotels & Travel,Services
House Sitters,Services
Hungarian,Restaurant
Hunting & Fishing Supplies,Undesirable
Hydroponics,Health
Hydrotherapy,Health
Hypnosis/Hypnotherapy,Health
Ice Cream & Frozen Yogurt,Restaurant
Immigration Law,Services
Immunodermatologists,Health
Imported Food,Restaurant
Indian,Restaurant
Installment Loans,Services
Insulation Installation,Services
Insurance,Services
Interior Design,Services
Internal Medicine,Health
International Grocery,Services
Internet Cafes,Restaurant
Internet Service Providers,Services
Interval Training Gyms,Beauty
Investing,Services
IP & Internet Law,Services
Irish,Bar
Irish Pub,Bar
Irrigation,Services
IT Services & Computer Repair,Services
Italian,Restaurant
IV Hydration,Health
Japanese,Restaurant
Jazz & Blues,Bar
Jet Skis,Services
Jewelry,Services
Jewelry Repair,Services
Juice Bars & Smoothies,Restaurant
Junk Removal & Hauling,Undesirable
Karaoke,Bar
Karate,Sports
Keys & Locksmiths,Services
Kickboxing,Sports
Kids Activities,Entertainment
Kitchen & Bath,Services
Knife Sharpening,Services
Knitting Supplies,Services
Kombucha,Restaurant
Korean,Restaurant
Kosher,Restaurant
Laboratory Testing,Services
Lactation Services,Health
Lakes,Entertainment
Landmarks & Historical Buildings,Entertainment
Landscape Architects,Services
Landscaping,Services
Language Schools,Services
Laotian,Restaurant
Laser Eye Surgery/Lasik,Health
Laser Hair Removal,Beauty
Laser Tag,Entertainment
Latin American,Restaurant
Laundromat,Undesirable
Laundry Services,Undesirable
Lawyers,Services
Leather Goods,Services
Lebanese,Restaurant
Legal Services,Services
Leisure Centers,Entertainment
Libraries,Services
Lice Services,Health
Life Coach,Services
Life Insurance,Services
Lighting Fixtures & Equipment,Services
Limos,Services
Lingerie,Services
Live/Raw Food,Restaurant
Livestock Feed & Supply,Services
Local Fish Stores,Services
Local Flavor,Restaurant
Local Services,Services
Lounges,Bar
Luggage,Services
Macarons,Restaurant
Machine & Tool Rental,Services
Machine Shops,Services
Magicians,Services
Mags,Services
Mailbox Centers,Services
Makeup Artists,Beauty
Malaysian,Restaurant
Marinas,Services
Marketing,Services
Martial Arts,Beauty
Masonry/Concrete,Undesirable
Mass Media,Services
Massage,Beauty
Massage Schools,Services
Massage Therapy,Health
Matchmakers,Services
Maternity Wear,Services
Mattresses,Services
Meat Shops,Services
Mediators,Services
Medical Cannabis Referrals,Undesirable
Medical Centers,Health
Medical Spas,Health
Medical Supplies,Health
Medical Transportation,Health
Meditation Centers,Health
Mediterranean,Restaurant
Metal Fabricators,Undesirable
Mexican,Restaurant
Middle Eastern,Restaurant
Middle Schools & High Schools,Services
Midwives,Health
Mini Golf,Entertainment
Mobile Dent Repair,Undesirable
Mobile Home Dealers,Services
Mobile Home Parks,Services
Mobile Phone Accessories,Services
Mobile Phone Repair,Services
Mobile Phones,Services
Modern European,Restaurant
Mongolian,Restaurant
Montessori Schools,Services
Moroccan,Restaurant
Mortgage Brokers,Services
Mortgage Lenders,Services
Mortuary Services,Undesirable
Mosques,Services
Motorcycle Dealers,Undesirable
Motorcycle Gear,Undesirable
Motorcycle Rental,Undesirable
Motorcycle Repair,Undesirable
Motorsport Vehicle Dealers,Undesirable
Motorsport Vehicle Repairs,Undesirable
Mountain Biking,Sports
Movers,Undesirable
Museums,Entertainment
Music & DVDs,Services
Music & Video,Services
Music Venues,Entertainment
Musical Instrument Services,Services
Musical Instruments & Teachers,Services
Musicians,Entertainment
Nail Salons,Beauty
Nail Technicians,Beauty
Nanny Services,Services
Naturopathic/Holistic,Health
Neurologist,Health
Neuropathologists,Health
New Mexican Cuisine,Restaurant
Newspapers & Magazines,Services
Nightlife,Bar
Noodles,Restaurant
Notaries,Services
Nurse Practitioner,Health
Nurseries & Gardening,Services
Nursing Schools,Services
Nutritionists,Health
Observatories,Entertainment
Obstetricians & Gynecologists,Health
Occupational Therapy,Services
Office Cleaning,Services
Office Equipment,Services
Officiants,Services
Oil Change Stations,Undesirable
Olive Oil,Restaurant
Oncologist,Health
Opera & Ballet,Entertainment
Ophthalmologists,Health
Optometrists,Health
Oral Surgeons,Health
Organic Stores,Services
Orthodontists,Health
Orthopedists,Health
Orthotics,Health
Osteopathic Physicians,Health
Osteopaths,Health
Outdoor Furniture Stores,Services
Outdoor Gear,Services
Outlet Stores,Undesirable
Oxygen Bars,Bar
Packing Services,Services
Packing Supplies,Services
Paddleboarding,Sports
Pain Management,Health
Paint & Sip,Services
Paint Stores,Services
Paintball,Entertainment
Painters,Undesirable
Paint-Your-Own Pottery,Services
Pakistani,Restaurant
Pan Asian,Restaurant
Parenting Classes,Services
Parking,Services
Parks,Entertainment
Party & Event Planning,Services
Party Bike Rentals,Services
Party Bus Rentals,Services
Party Characters,Services
Party Equipment Rentals,Services
Party Supplies,Services
Passport & Visa Services,Services
Pasta Shops,Restaurant
Patent Law,Services
Patio Coverings,Services
Patisserie/Cake Shop,Restaurant
Pawn Shops,Undesirable
Payroll Services,Services
Pediatric Dentists,Health
Pediatricians,Health
Pedicabs,Services
Performing Arts,Entertainment
Periodontists,Health
Permanent Makeup,Beauty
Persian/Iranian,Restaurant
Personal Assistants,Services
Personal Care Services,Health
Personal Chefs,Services
Personal Injury Law,Services
Personal Shopping,Services
Peruvian,Restaurant
Pest Control,Undesirable
Pet Adoption,Undesirable
Pet Boarding/Pet Sitting,Services
Pet Breeders,Services
Pet Cremation Services,Undesirable
Pet Groomers,Services
Pet Hospice,Undesirable
Pet Insurance,Services
Pet Photography,Services
Pet Services,Services
Pet Stores,Services
Pet Training,Services
Pet Transportation,Services
Pets,Services
Pharmacy,Health
Photo Booth Rentals,Services
Photographers,Services
Photography Stores & Services,Services
Physical Therapy,Health
Piano Bars,Bar
Piano Services,Services
Piano Stores,Services
Pick Your Own Farms,Services
Piercing,Beauty
Pilates,Sports
Pita,Restaurant
Pizza,Restaurant
Placenta Encapsulations,Health
Planetarium,Entertainment
Playgrounds,Entertainment
Plumbing,Services
Plus Size Fashion,Services
Podiatrists,Health
Poke,Services
Pole Dancing Classes,Sports
Police Departments,Undesirable
Polish,Beauty
Pool & Billiards,Bar
Pool & Hot Tub Service,Services
Pool Cleaners,Services
Pool Halls,Bar
Popcorn Shops,Restaurant
Pop-up Shops,Services
Portuguese,Restaurant
Post Offices,Services
Poutineries,Restaurant
Powder Coating,Undesirable
Prenatal/Perinatal Care,Health
Preschools,Services
Pressure Washers,Services
Pretzels,Restaurant
Preventive Medicine,Health
Print Media,Services
Printing Services,Services
Private Investigation,Services
Private Jet Charter,Undesirable
Private Tutors,Services
Process Servers,Services
Proctologists,Health
Product Design,Services
Professional Services,Services
Professional Sports Teams,Sports
Propane,Services
Property Management,Services
Prosthetics,Health
Prosthodontists,Health
Psychiatrists,Health
Psychics & Astrologers,Services
Psychologists,Health
Public Art,Entertainment
Public Relations,Services
Public Services & Government,Services
Public Transportation,Services
Pubs,Bar
Puerto Rican,Restaurant
Pulmonologist,Health
Race Tracks,Undesirable
Races & Competitions,Services
Racing Experience,Sports
Radio Stations,Services
Radiologists,Health
Rafting/Kayaking,Sports
Ramen,Restaurant
Ranches,Undesirable
Real Estate,Services
Real Estate Agents,Services
Real Estate Law,Services
Real Estate Photography,Services
Real Estate Services,Services
Recording & Rehearsal Studios,Entertainment
Recreation Centers,Entertainment
Recycling Center,Undesirable
Refinishing Services,Undesirable
Reflexology,Health
Registration Services,Services
Rehabilitation Center,Health
Reiki,Health
Religious Items,Services
Religious Organizations,Services
Religious Schools,Services
Reptile Shops,Services
Resorts,Services
Restaurant Supplies,Services
Restaurants,Restaurant
Retirement Homes,Services
Rheumatologists,Health
Roadside Assistance,Services
Rock Climbing,Sports
Rolfing,Health
Roof Inspectors,Services
Roofing,Undesirable
Rotisserie Chicken,Restaurant
Rugs,Services
Russian,Restaurant
RV Dealers,Services
RV Parks,Undesirable
RV Rental,Undesirable
RV Repair,Undesirable
Salad,Restaurant
Salvadoran,Restaurant
Sandblasting,Undesirable
Sandwiches,Restaurant
Scandinavian,Restaurant
Scavenger Hunts,Entertainment
Screen Printing,Services
Screen Printing/T-Shirt Printing,Services
Scuba Diving,Sports
Seafood,Restaurant
Seafood Markets,Services
Security Services,Services
Security Systems,Services
Self Storage,Undesirable
Senior Centers,Entertainment
Septic Services,Undesirable
Session Photography,Services
Sewing & Alterations,Undesirable
Sex Therapists,Health
Shades & Blinds,Services
Shanghainese,Restaurant
Shared Office Spaces,Services
Shaved Ice,Restaurant
Shaved Snow,Restaurant
Shipping Centers,Services
Shoe Repair,Services
Shoe Shine,Services
Shoe Stores,Services
Shopping,Entertainment
Shopping Centers,Services
Shredding Services,Services
Shutters,Services
Signmaking,Services
Skate Parks,Undesirable
Skate Shops,Undesirable
Skating Rinks,Sports
Ski & Snowboard Shops,Sports
Ski Resorts,Services
Skilled Nursing,Health
Skin Care,Beauty
Skydiving,Undesirable
Sledding,Entertainment
Sleep Specialists,Health
Smog Check Stations,Undesirable
Smokehouse,Restaurant
Snorkeling,Sports
Snow Removal,Services
Soccer,Sports
Social Clubs,Bar
Software Development,Services
Solar Installation,Services
Solar Panel Cleaning,Services
Soul Food,Restaurant
Soup,Restaurant
Southern,Restaurant
Souvenir Shops,Services
Spanish,Restaurant
Speakeasies,Bar
Special Education,Services
Specialty Food,Restaurant
Specialty Schools,Services
Speech Therapists,Services
Spin Classes,Sports
Spine Surgeons,Health
Spiritual Shop,Services
Sporting Goods,Sports
Sports Bars,Bar
Sports Clubs,Sports
Sports Medicine,Health
Sports Psychologists,Health
Sports Wear,Services
Spray Tanning,Beauty
Stadiums & Arenas,Undesirable
Steakhouses,Restaurant
Street Vendors,Undesirable
Structural Engineers,Services
Stucco Services,Services
Sugaring,Beauty
Summer Camps,Entertainment
Surfing,Sports
Surgeons,Health
Sushi Bars,Restaurant
Swimming Lessons/Schools,Sports
Swimming Pools,Sports
Swimwear,Services
Synagogues,Services
Szechuan,Restaurant
Tabletop Games,Services
Tacos,Restaurant
Taekwondo,Sports
Tai Chi,Sports
Taiwanese,Restaurant
Talent Agencies,Services
Tanning,Beauty
Tanning Beds,Beauty
Tapas Bars,Bar
Tapas/Small Plates,Restaurant
Tasting Classes,Services
Tattoo,Beauty
Tattoo Removal,Health
Tax Law,Services
Tax Services,Services
Taxidermy,Services
Taxis,Services
Tea Rooms,Restaurant
Team Building Activities,Services
Teeth Whitening,Health
Telecommunications,Services
Television Service Providers,Services
Television Stations,Services
Tenant and Eviction Law,Services
Tennis,Sports
Teppanyaki,Restaurant
Test Preparation,Services
Tex-Mex,Restaurant
Thai,Restaurant
Threading Services,Beauty
Thrift Stores,Undesirable
Ticket Sales,Services
Tickets,Services
Tiki Bars,Bar
Tiling,Services
Tires,Undesirable
Title Loans,Services
Tobacco Shops,Bar
Tours,Services
Towing,Undesirable
Town Car Service,Services
Toy Stores,Services
Traditional Chinese Medicine,Services
Traffic Schools,Services
Traffic Ticketing Law,Services
Trailer Dealers,Services
Trailer Repair,Undesirable
Train Stations,Services
Trainers,Services
Trains,Services
Trampoline Parks,Entertainment
Translation Services,Services
Transmission Repair,Undesirable
Transportation,Services
Travel Agents,Services
Travel Services,Services
Tree Services,Services
Trophy Shops,Services
Truck Rental,Undesirable
Trusts,Services
Tubing,Services
Tui Na,Health
Turkish,Restaurant
Tutoring Centers,Services
TV Mounting,Services
Ukrainian,Restaurant
Uniforms,Services
University Housing,Services
Unofficial Yelp Events,Services
Urgent Care,Health
Urologists,Health
Used,Services
Used Bookstore,Services
Used Car Dealers,Undesirable
Utilities,Services
Uzbek,Restaurant
Vacation Rental Agents,Services
Vacation Rentals,Services
Valet Services,Services
Vape Shops,Bar
Vascular Medicine,Health
Vegan,Restaurant
Vegetarian,Restaurant
Vehicle Shipping,Undesirable
Vehicle Wraps,Services
Venezuelan,Restaurant
Venues & Event Spaces,Entertainment
Veterinarians,Health
Video Game Stores,Services
Video/Film Production,Entertainment
Videographers,Services
Videos & Video Game Rental,Services
Vietnamese,Restaurant
Vintage & Consignment,Services
Vinyl Records,Services
Vinyl Siding,Services
Visitor Centers,Entertainment
Vitamins & Supplements,Health
Vocational & Technical School,Services
Waffles,Restaurant
Waldorf Schools,Services
Walk-in Clinics,Health
Walking Tours,Services
Watch Repair,Services
Watches,Services
Water Delivery,Services
Water Heater Installation/Repair,Undesirable
Water Parks,Undesirable
Water Purification Services,Services
Water Stores,Services
Waterproofing,Services
Waxing,Beauty
Web Design,Services
Wedding Chapels,Services
Wedding Planning,Services
Weight Loss Centers,Health
Well Drilling,Undesirable
Wheel & Rim Repair,Undesirable
Whiskey Bars,Bar
Wholesale Stores,Services
Wholesalers,Services
Wigs,Beauty
Wildlife Control,Undesirable
Wills,Services
Window Washing,Services
Windows Installation,Services
Windshield Installation & Repair,Undesirable
Wine & Spirits,Bar
Wine Bars,Bar
Wine Tasting Classes,Services
Wine Tasting Room,Bar
Wine Tours,Bar
Wineries,Bar
Workers Compensation Law,Services
Wraps,Restaurant
Yelp Events,Services
Yoga,Beauty
Zoos,Undesirable
